variant_id	chromosome	position	ref_allele	alt_allele	label	dbnsfp_ref	dbnsfp_alt	status
2991360	1	1336283	C	G	0	C	A	found_position
3710077	1	1342109	G	A	0	G	A	found_position
3679515	1	1817872	C	T	0	C	A	found_position
714195	1	7737565	A	C	0	A	C	found_position
4473534	1	8359768	G	A	0	G	A	found_position
1694488	1	8360503	C	T	0	C	A	found_position
1419446	1	8362822	C	G	0	C	A	found_position
709503	1	9720166	C	T	0	C	A	found_position
4810188	1	10660213	G	A	0	G	A	found_position
4807504	1	11122063	G	C	0	G	C	found_position
3633478	1	11127776	G	A	0	G	A	found_position
4701780	1	11128026	G	C	0	G	A	found_position
2054950	1	11128501	G	A	0	G	A	found_position
835222	1	11133109	C	T	0	C	A	found_position
3633489	1	11150220	T	G	0	T	A	found_position
2080306	1	11157183	G	A	0	G	A	found_position
1701093	1	11193627	G	T	0	G	C	found_position
4799836	1	11210824	C	T	0	C	A	found_position
3697096	1	11212422	A	T	0	A	C	found_position
4799841	1	11232443	T	C	0	T	A	found_position
3054661	1	214645206	G	A	0			not_in_dbnsfp
4801072	1	222943110	G	C	0			not_in_dbnsfp
4773611	1	228371729	G	A	0			not_in_dbnsfp
2147112	1	244054412	A	G	0			not_in_dbnsfp
3633861	1	244054544	T	A	0			not_in_dbnsfp
4709706	1	244856841	T	G	0			not_in_dbnsfp
1474063	1	244858064	A	T	0			not_in_dbnsfp
3720913	1	244864170	C	A	0			not_in_dbnsfp
568095	1	244864246	T	C	0			not_in_dbnsfp
4746893	2	5693338	G	C	0			not_in_dbnsfp
4807159	2	15467724	T	C	0			not_in_dbnsfp
4789040	2	21004369	C	A	0			not_in_dbnsfp
4787562	2	21008876	G	T	0			not_in_dbnsfp
4785294	2	21010006	G	A	0			not_in_dbnsfp
4742872	2	25743345	T	C	0			not_in_dbnsfp
4745280	2	25771502	T	A	0			not_in_dbnsfp
2146919	2	25799402	C	T	0			not_in_dbnsfp
4781845	2	26480857	C	A	0			not_in_dbnsfp
166969	2	38070996	T	C	0			not_in_dbnsfp
68467	2	38074704	C	T	0			not_in_dbnsfp
